{
  "timestamp": "2026-05-27 09:55:42",
  "duration_sec": 66.1,
  "sources_total": 30,
  "sources_healthy": 30,
  "nodes_raw": 12948,
  "nodes_dedup": 8317,
  "nodes_tcp_ok": 264,
  "nodes_real_ok": 35,
  "nodes_verified_output": 33,
  "protocol_dist": {
    "shadowsocks": 4508,
    "vmess": 2559,
    "vless": 4648,
    "trojan": 1107,
    "hysteria2": 15,
    "hysteria": 3,
    "tuic": 1,
    "socks": 11,
    "http": 8,
    "shadowsocksr": 88
  },
  "top_latencies_ms": [
    30.728421666665895,
    31.356349666666006,
    43.40491833333715,
    45.849055000000284,
    73.71969966666825,
    85.04973333332562,
    85.07693499999884,
    86.06726633333513,
    87.1548873333315,
    94.8100949999997,
    151.86341599999764,
    157.1199759999994,
    166.01925666667228,
    189.26841166666955,
    191.55971733333388,
    202.22277866666616,
    203.40356999999662,
    203.8643489999951,
    204.1450313333352,
    204.40420233333612
  ]
}