{
  "timestamp": "2026-05-22 14:44:08",
  "duration_sec": 71.1,
  "sources_total": 30,
  "sources_healthy": 30,
  "nodes_raw": 13867,
  "nodes_dedup": 8558,
  "nodes_tcp_ok": 261,
  "nodes_real_ok": 39,
  "nodes_verified_output": 39,
  "protocol_dist": {
    "shadowsocks": 4497,
    "vless": 5036,
    "trojan": 1439,
    "vmess": 2745,
    "hysteria2": 13,
    "hysteria": 3,
    "tuic": 1,
    "socks": 45,
    "shadowsocksr": 88
  },
  "top_latencies_ms": [
    62.9570213333371,
    64.57613433333147,
    64.69039299999697,
    66.99784966665827,
    68.767672000007,
    101.83975099999998,
    122.54183600000108,
    133.72150333334312,
    138.27044899999427,
    143.131161333334,
    151.5887506666805,
    159.18762433332745,
    172.59682766667575,
    172.8951256666562,
    174.81231866666272,
    176.1036190000027,
    179.02341766666532,
    179.1054716666546,
    179.38774766668075,
    182.9842929999946
  ]
}