{
  "timestamp": "2026-05-20 20:21:37",
  "duration_sec": 70.2,
  "sources_total": 30,
  "sources_healthy": 30,
  "nodes_raw": 13452,
  "nodes_dedup": 8467,
  "nodes_tcp_ok": 261,
  "nodes_real_ok": 38,
  "nodes_verified_output": 38,
  "protocol_dist": {
    "shadowsocks": 4467,
    "vmess": 2611,
    "vless": 4844,
    "trojan": 1376,
    "hysteria2": 21,
    "hysteria": 4,
    "tuic": 2,
    "socks": 39,
    "shadowsocksr": 88
  },
  "top_latencies_ms": [
    46.29344799999539,
    50.64704000000594,
    72.59257066666673,
    81.10425766666178,
    89.00373299999842,
    90.41531299999879,
    132.13901466666775,
    132.9788406666713,
    133.12911233332633,
    134.28080299999579,
    134.81126133332566,
    144.7885033333307,
    157.7031170000017,
    185.3699216666674,
    223.99165900000165,
    229.52535966666213,
    230.52363166666132,
    234.6756933333296,
    235.6112590000047,
    237.45914166666182
  ]
}