{
  "timestamp": "2026-05-30 08:30:56",
  "duration_sec": 58.7,
  "sources_total": 30,
  "sources_healthy": 30,
  "nodes_raw": 13697,
  "nodes_dedup": 7983,
  "nodes_tcp_ok": 235,
  "nodes_real_ok": 27,
  "nodes_verified_output": 26,
  "protocol_dist": {
    "shadowsocks": 4195,
    "vmess": 2700,
    "trojan": 1173,
    "vless": 5502,
    "hysteria2": 16,
    "hysteria": 3,
    "tuic": 1,
    "socks": 12,
    "http": 4,
    "shadowsocksr": 91
  },
  "top_latencies_ms": [
    63.995336000000215,
    77.05464233333714,
    80.5561579999979,
    81.42519533333352,
    84.76180299999687,
    85.80861000000084,
    86.15448800000063,
    86.44838699999961,
    87.74796766666763,
    89.31064600000127,
    91.35269066666278,
    96.19706433332927,
    161.4185420000022,
    167.35071933333265,
    168.31904066666917,
    168.34917433333393,
    184.2279403333388,
    187.1574936666652,
    212.89025400000128,
    220.18019333333902
  ]
}