{
  "timestamp": "2026-05-22 09:30:13",
  "duration_sec": 66.4,
  "sources_total": 30,
  "sources_healthy": 30,
  "nodes_raw": 13868,
  "nodes_dedup": 8550,
  "nodes_tcp_ok": 262,
  "nodes_real_ok": 41,
  "nodes_verified_output": 41,
  "protocol_dist": {
    "shadowsocks": 4505,
    "vless": 5088,
    "trojan": 1411,
    "vmess": 2724,
    "hysteria2": 15,
    "hysteria": 3,
    "tuic": 1,
    "socks": 33,
    "shadowsocksr": 88
  },
  "top_latencies_ms": [
    35.17580400000497,
    36.6432423333265,
    37.6108659999943,
    38.49050333333063,
    39.280422666678305,
    39.478132666658894,
    43.89148600000681,
    44.67106333333959,
    75.27056733333855,
    83.42418366666493,
    85.35294433334191,
    101.15036099999959,
    114.42144066667008,
    115.28016133332623,
    117.21228433333408,
    117.88615433332932,
    118.0316423333257,
    138.09693600000136,
    187.53644266666925,
    198.60092700001056
  ]
}