{
  "timestamp": "2026-05-19 03:43:45",
  "duration_sec": 73.4,
  "sources_total": 30,
  "sources_healthy": 30,
  "nodes_raw": 13518,
  "nodes_dedup": 8300,
  "nodes_tcp_ok": 261,
  "nodes_real_ok": 41,
  "nodes_verified_output": 41,
  "protocol_dist": {
    "shadowsocks": 4464,
    "vmess": 2698,
    "vless": 4879,
    "trojan": 1330,
    "hysteria2": 16,
    "hysteria": 3,
    "tuic": 1,
    "socks": 38,
    "shadowsocksr": 88,
    "http": 1
  },
  "top_latencies_ms": [
    47.859715999995466,
    48.24877200000325,
    72.48808866665968,
    74.00024233333131,
    74.03334800000987,
    94.65250466665982,
    127.36427766666718,
    130.61328633333838,
    133.31635100000008,
    135.77406633333075,
    136.8530260000019,
    162.53457733334167,
    183.1897296666701,
    228.20996566666926,
    229.86086733333386,
    230.6746720000016,
    230.75479499999574,
    230.93280433333044,
    243.21852766667007,
    246.0544123333269
  ]
}