{
  "timestamp": "2026-05-21 19:56:54",
  "duration_sec": 63.1,
  "sources_total": 30,
  "sources_healthy": 29,
  "nodes_raw": 13542,
  "nodes_dedup": 8571,
  "nodes_tcp_ok": 262,
  "nodes_real_ok": 38,
  "nodes_verified_output": 38,
  "protocol_dist": {
    "shadowsocks": 4465,
    "vless": 5016,
    "vmess": 2581,
    "trojan": 1330,
    "hysteria2": 23,
    "hysteria": 3,
    "tuic": 1,
    "socks": 35,
    "shadowsocksr": 88
  },
  "top_latencies_ms": [
    63.57098466666855,
    63.980203333329655,
    64.29511366666436,
    66.3074369999966,
    77.0133279999925,
    99.61653166666906,
    109.4931346666641,
    127.13840366666791,
    134.67770700000395,
    157.57197833333217,
    165.29762366666034,
    175.455777000001,
    180.3251600000048,
    186.2296513333348,
    188.2749370000075,
    197.33450199999916,
    201.6369966666692,
    201.73344566666174,
    207.1026773333339,
    207.60052733333603
  ]
}