{
  "timestamp": "2026-05-25 04:00:53",
  "duration_sec": 63.7,
  "sources_total": 30,
  "sources_healthy": 30,
  "nodes_raw": 12963,
  "nodes_dedup": 8252,
  "nodes_tcp_ok": 238,
  "nodes_real_ok": 43,
  "nodes_verified_output": 41,
  "protocol_dist": {
    "shadowsocks": 4548,
    "vmess": 2598,
    "vless": 4451,
    "trojan": 1195,
    "hysteria2": 24,
    "hysteria": 3,
    "tuic": 1,
    "socks": 41,
    "http": 14,
    "shadowsocksr": 88
  },
  "top_latencies_ms": [
    57.36170300000273,
    62.48497433333,
    71.96790066666381,
    72.70628900000038,
    78.65442899999664,
    78.92078799999543,
    79.94222099999604,
    82.60109666666911,
    83.31873900000157,
    83.90303499999163,
    85.07001600000308,
    85.26223100000152,
    88.54549533333511,
    93.82671199999966,
    99.17077299999733,
    101.30875899999126,
    104.5711656666602,
    140.75810000000408,
    166.31957466666827,
    167.8670690000009
  ]
}