{
  "timestamp": "2026-05-21 03:55:47",
  "duration_sec": 60.2,
  "sources_total": 30,
  "sources_healthy": 29,
  "nodes_raw": 13290,
  "nodes_dedup": 8364,
  "nodes_tcp_ok": 262,
  "nodes_real_ok": 36,
  "nodes_verified_output": 36,
  "protocol_dist": {
    "shadowsocks": 4462,
    "vmess": 2583,
    "vless": 4947,
    "hysteria2": 25,
    "trojan": 1135,
    "hysteria": 4,
    "tuic": 2,
    "socks": 44,
    "shadowsocksr": 88
  },
  "top_latencies_ms": [
    59.8045199999954,
    61.58149866666444,
    74.21776433333112,
    78.82080100000148,
    79.92263466666334,
    80.25718966666773,
    80.92799266666854,
    81.59474466666457,
    81.87164799999398,
    83.67154966666135,
    84.22888566666605,
    87.31016899999607,
    87.46844399999532,
    88.81209566666826,
    96.63695233332703,
    164.22381433333535,
    166.51851766666445,
    185.38012300000162,
    218.72964133333048,
    257.96684499999856
  ]
}