{
  "timestamp": "2026-05-30 13:43:10",
  "duration_sec": 59.7,
  "sources_total": 30,
  "sources_healthy": 30,
  "nodes_raw": 13754,
  "nodes_dedup": 8113,
  "nodes_tcp_ok": 239,
  "nodes_real_ok": 32,
  "nodes_verified_output": 29,
  "protocol_dist": {
    "shadowsocks": 4187,
    "vmess": 2682,
    "vless": 5644,
    "trojan": 1111,
    "hysteria2": 18,
    "hysteria": 3,
    "tuic": 1,
    "socks": 13,
    "http": 6,
    "shadowsocksr": 89
  },
  "top_latencies_ms": [
    62.01644366667362,
    77.56996366667106,
    79.73056433333643,
    82.64390233334022,
    82.681269666665,
    87.90338899999976,
    88.6889080000041,
    89.44765833334145,
    90.31821500000585,
    93.02747999998928,
    93.74065966666952,
    94.55577100000785,
    94.96255633334272,
    98.27850666666411,
    115.6054253333328,
    133.16515333333237,
    188.85027033333776,
    191.29952366666694,
    215.14881100000594,
    227.3283079999923
  ]
}