{
  "timestamp": "2026-05-20 03:44:03",
  "duration_sec": 60.3,
  "sources_total": 30,
  "sources_healthy": 30,
  "nodes_raw": 13341,
  "nodes_dedup": 8283,
  "nodes_tcp_ok": 262,
  "nodes_real_ok": 42,
  "nodes_verified_output": 42,
  "protocol_dist": {
    "shadowsocks": 4490,
    "vmess": 2735,
    "vless": 4781,
    "trojan": 1177,
    "hysteria2": 18,
    "hysteria": 4,
    "tuic": 2,
    "socks": 45,
    "shadowsocksr": 88,
    "http": 1
  },
  "top_latencies_ms": [
    48.075776333339114,
    72.29787500000384,
    73.86495300000699,
    75.31001799999142,
    106.7101946666753,
    112.18077100000794,
    129.88183533333122,
    130.32145733333778,
    132.36210699999637,
    132.43563433333824,
    134.317563333326,
    142.5081453333424,
    154.8926076666722,
    177.4912220000052,
    223.63560233333146,
    228.3927970000074,
    230.34017599999856,
    231.19451933332394,
    232.15011200000882,
    237.29110233333017
  ]
}