{
  "timestamp": "2026-05-24 08:32:38",
  "duration_sec": 63.2,
  "sources_total": 30,
  "sources_healthy": 30,
  "nodes_raw": 13461,
  "nodes_dedup": 8411,
  "nodes_tcp_ok": 239,
  "nodes_real_ok": 41,
  "nodes_verified_output": 38,
  "protocol_dist": {
    "shadowsocks": 4504,
    "vmess": 2712,
    "vless": 4787,
    "hysteria2": 15,
    "trojan": 1289,
    "hysteria": 3,
    "tuic": 1,
    "socks": 48,
    "http": 14,
    "shadowsocksr": 88
  },
  "top_latencies_ms": [
    30.234028333325114,
    31.276974333328173,
    72.67415933333154,
    82.97539033334071,
    84.48203033332409,
    85.1687836666694,
    87.11465966665817,
    110.63543566666567,
    116.09715800000231,
    118.0505026666765,
    142.7207046666581,
    166.65460266666324,
    173.24725499999735,
    186.27641233333256,
    190.22121699999653,
    199.21246966668113,
    203.14160766666114,
    204.1783156666573,
    204.6980690000074,
    207.45941466667736
  ]
}