{
  "timestamp": "2026-05-19 03:17:33",
  "duration_sec": 42.4,
  "sources_total": 20,
  "sources_healthy": 20,
  "nodes_raw": 7600,
  "nodes_dedup": 4758,
  "nodes_tcp_ok": 254,
  "nodes_real_ok": 61,
  "nodes_verified_output": 61,
  "protocol_dist": {
    "vmess": 323,
    "shadowsocks": 2150,
    "vless": 4836,
    "trojan": 232,
    "hysteria2": 15,
    "hysteria": 3,
    "tuic": 1,
    "socks": 38,
    "shadowsocksr": 2
  },
  "top_latencies_ms": [
    35.21653833333005,
    36.238508666665815,
    36.36233366666867,
    37.94057333333475,
    39.73439966667058,
    40.406685666662646,
    80.39848566666781,
    80.96347500000434,
    87.11337366667256,
    89.48426733332819,
    96.32685800000236,
    108.89857133333199,
    110.18251699999837,
    110.36988899999756,
    113.99482833333725,
    115.54477233333198,
    119.1875623333279,
    122.45933666666531,
    187.36728866666397,
    187.89672133333588
  ]
}