{
  "timestamp": "2026-05-27 04:00:26",
  "duration_sec": 68.6,
  "sources_total": 30,
  "sources_healthy": 30,
  "nodes_raw": 13347,
  "nodes_dedup": 8383,
  "nodes_tcp_ok": 264,
  "nodes_real_ok": 33,
  "nodes_verified_output": 32,
  "protocol_dist": {
    "vmess": 2696,
    "vless": 4676,
    "shadowsocks": 4503,
    "trojan": 1346,
    "hysteria2": 15,
    "hysteria": 3,
    "tuic": 1,
    "socks": 11,
    "http": 8,
    "shadowsocksr": 88
  },
  "top_latencies_ms": [
    34.66544166666571,
    36.22422933333761,
    37.45157866665257,
    38.68831866666748,
    90.01779700000156,
    115.49348999999627,
    116.83062700000353,
    117.23108199998933,
    118.92087933334021,
    123.83016266665929,
    138.54314666666787,
    186.41737599999905,
    191.22297333332958,
    241.42032499998814,
    247.8243969999975,
    249.4936646666588,
    267.1987783333331,
    267.22167633333055,
    269.33724333334413,
    271.9053230000081
  ]
}