{
  "timestamp": "2026-05-19 03:25:18",
  "duration_sec": 57.1,
  "sources_total": 30,
  "sources_healthy": 30,
  "nodes_raw": 13518,
  "nodes_dedup": 8306,
  "nodes_tcp_ok": 262,
  "nodes_real_ok": 27,
  "nodes_verified_output": 27,
  "protocol_dist": {
    "vmess": 2688,
    "shadowsocks": 4452,
    "vless": 4885,
    "trojan": 1346,
    "hysteria2": 16,
    "hysteria": 3,
    "tuic": 1,
    "socks": 38,
    "shadowsocksr": 88,
    "http": 1
  },
  "top_latencies_ms": [
    40.01013233333121,
    41.43145633332779,
    42.22102400001404,
    42.60360266666415,
    45.45507700000447,
    93.78114966665407,
    111.81039733332909,
    246.28189266665382,
    256.3931206666439,
    266.82042500001063,
    274.1591483333347,
    276.08108466665726,
    276.5273410000191,
    277.3824566666576,
    296.4822180000131,
    302.0438316666703,
    306.49007233334186,
    316.00964999997433,
    330.91116066666854,
    359.2431980000015
  ]
}