{
  "timestamp": "2026-05-23 08:23:20",
  "duration_sec": 65.6,
  "sources_total": 30,
  "sources_healthy": 30,
  "nodes_raw": 13513,
  "nodes_dedup": 8426,
  "nodes_tcp_ok": 261,
  "nodes_real_ok": 43,
  "nodes_verified_output": 43,
  "protocol_dist": {
    "shadowsocks": 4487,
    "vless": 4835,
    "trojan": 1349,
    "vmess": 2704,
    "hysteria2": 13,
    "hysteria": 3,
    "tuic": 1,
    "socks": 33,
    "shadowsocksr": 88
  },
  "top_latencies_ms": [
    68.88183366667515,
    73.42370733330957,
    74.11226133333078,
    75.03962966668117,
    76.1226876666683,
    77.62520966665913,
    78.61367366668522,
    78.82375366667323,
    80.88433000002244,
    81.27084933333133,
    83.21741600000603,
    83.29464499996675,
    84.44126166665455,
    91.55773233332336,
    103.54732433334372,
    164.71444300001772,
    166.74509700000803,
    170.4858886666898,
    170.88243766668634,
    177.12380566666752
  ]
}