{
  "timestamp": "2026-05-26 10:00:46",
  "duration_sec": 65.4,
  "sources_total": 30,
  "sources_healthy": 30,
  "nodes_raw": 13089,
  "nodes_dedup": 8213,
  "nodes_tcp_ok": 262,
  "nodes_real_ok": 43,
  "nodes_verified_output": 42,
  "protocol_dist": {
    "shadowsocks": 4483,
    "vless": 4522,
    "trojan": 1401,
    "vmess": 2541,
    "hysteria2": 17,
    "hysteria": 3,
    "tuic": 1,
    "socks": 29,
    "http": 4,
    "shadowsocksr": 88
  },
  "top_latencies_ms": [
    61.17933399999723,
    61.30389199999797,
    61.93240233333105,
    63.68657166666954,
    64.14683333332978,
    91.83680299999726,
    105.44940666666491,
    133.51217266666518,
    134.32885433332822,
    141.24355700000515,
    150.51528799999878,
    155.4079686666654,
    156.63403433333656,
    157.3449720000042,
    158.1034050000009,
    170.65350266666712,
    171.2806313333317,
    177.21721366667018,
    182.6099426666635,
    184.11486599999685
  ]
}