{
  "timestamp": "2026-05-30 19:20:13",
  "duration_sec": 66.9,
  "sources_total": 30,
  "sources_healthy": 30,
  "nodes_raw": 13994,
  "nodes_dedup": 8145,
  "nodes_tcp_ok": 239,
  "nodes_real_ok": 27,
  "nodes_verified_output": 24,
  "protocol_dist": {
    "shadowsocks": 4195,
    "vmess": 2749,
    "trojan": 1041,
    "vless": 5878,
    "hysteria2": 20,
    "hysteria": 3,
    "tuic": 1,
    "socks": 12,
    "http": 6,
    "shadowsocksr": 89
  },
  "top_latencies_ms": [
    68.98832233333962,
    78.60929233333043,
    80.4344723333325,
    81.00704866666793,
    83.72679366666584,
    84.04474433333557,
    84.3984676666641,
    85.07640700000252,
    87.19451233333093,
    89.9553610000036,
    93.9184103333351,
    108.70009433333412,
    174.47693533333583,
    175.69930900000466,
    194.0390443333276,
    248.3478913333291,
    254.34214066666527,
    297.3635916666713,
    676.2084546666642,
    782.5312769999991
  ]
}