{
  "timestamp": "2026-05-18 01:29:10",
  "duration_sec": 54.2,
  "sources_total": 51,
  "sources_healthy": 20,
  "nodes_raw": 7213,
  "nodes_dedup": 4623,
  "nodes_tcp_ok": 238,
  "nodes_real_ok": 82,
  "nodes_output": 50,
  "protocol_dist": {
    "shadowsocks": 2220,
    "vmess": 285,
    "vless": 4433,
    "trojan": 217,
    "hysteria2": 19,
    "hysteria": 3,
    "tuic": 1,
    "socks": 33,
    "shadowsocksr": 2
  },
  "top_latencies_ms": [
    74.87829933333501,
    84.54483566667174,
    91.51552000000152,
    91.84797600000157,
    92.41001133333764,
    98.0561653333325,
    98.10136333333237,
    98.45837233333536,
    100.22452500000156,
    101.21519833333537,
    102.54320266666639,
    104.31966333333757,
    105.04613866666546,
    112.98428266666367,
    120.15008966667058,
    124.09212399999585,
    130.33351633333723,
    131.70396399999618,
    134.57026000000383,
    170.8354670000034
  ]
}