{
  "timestamp": "2026-05-19 02:28:50",
  "duration_sec": 49.6,
  "sources_total": 20,
  "sources_healthy": 20,
  "nodes_raw": 7600,
  "nodes_dedup": 4764,
  "nodes_tcp_ok": 253,
  "nodes_real_ok": 61,
  "nodes_verified_output": 61,
  "protocol_dist": {
    "vmess": 322,
    "shadowsocks": 2149,
    "vless": 4830,
    "trojan": 241,
    "hysteria2": 14,
    "hysteria": 3,
    "tuic": 1,
    "socks": 38,
    "shadowsocksr": 2
  },
  "top_latencies_ms": [
    63.161684666662644,
    67.34978733333226,
    67.7591183333277,
    72.05725666666278,
    72.34585899999502,
    101.17129199999415,
    110.96791966665857,
    126.43178899999914,
    126.58207133333121,
    128.4754093333428,
    134.22817099999898,
    135.22760566667102,
    135.55172233332277,
    135.9949770000052,
    143.24666966665708,
    143.90279533334174,
    156.76727233333546,
    164.01430333333641,
    164.4033236666663,
    169.8208776666661
  ]
}